<?xml version="1.0" encoding="UTF-8"  standalone="yes"?>
<PcGts xmlns="http://schema.primaresearch.org/PAGE/gts/pagecontent/2019-07-15" xmlns:xsi="http://www.w3.org/2001/XMLSchema-instance" xsi:schemaLocation="http://schema.primaresearch.org/PAGE/gts/pagecontent/2019-07-15 http://schema.primaresearch.org/PAGE/gts/pagecontent/2019-07-15/pagecontent.xsd">
  <Metadata externalRef="mets//DH25FAS_evaluationB.zip/969-416-203-024.pdf_page_3.png">
	<Creator>escriptorium</Creator>
	<Created>2025-02-28T09:27:27.099748+00:00</Created>
        <LastChange>2025-02-28T09:27:27.099774+00:00</LastChange>

  </Metadata>
  <Page imageFilename="969-416-203-024.pdf_page_3.png" imageWidth="2025" imageHeight="3000">

    
    <TextRegion id="eSc_textblock_c2fe8d23"  custom="structure {type:MainZone;}">
      <Coords points="1630,305 1760,365 1720,435 1750,522 1720,582 1470,632 515,642 355,592 345,535 305,522 325,485 255,432 285,345 944,101"/>
      
      
      <TextLine id="eSc_line_b059c97c" >
        <Coords points="407,410 522,425 540,407 677,405 725,422 775,402 870,402 917,420 977,400 1005,415 1062,400 1087,417 1132,400 1257,410 1272,395 1300,412 1365,395 1412,412 1495,395 1562,410 1600,392 1602,390 1600,307 1085,350 547,320 407,407 407,410"/>
        <Baseline points="409,409 1603,392"/>
        <TextEquiv conf="0.9666876910310803">
          <Unicode>جای تف الداس ارمخان، داخ جگر مدیہ</Unicode>
        </TextEquiv>
      </TextLine>

      
      
      <TextLine id="eSc_line_c5441162" >
        <Coords points="400,530 425,555 470,601 495,530 573,598 649,564 708,598 755,530 795,557 863,600 910,532 942,555 1005,573 1030,532 1047,532 1050,525 1050,532 1087,532 1107,550 1155,532 1180,600 1272,575 1295,532 1315,552 1355,582 1412,532 1435,552 1547,588 1572,532 1605,532 1607,530 1595,525 1502,476 1392,525 1340,464 1307,522 1247,467 1180,525 1130,522 1034,431 977,495 947,522 890,522 859,464 787,522 717,471 630,522 587,469 550,522 549,507 477,459 402,517 402,520"/>
        <Baseline points="404,520 408,526 1096,524 1609,532"/>
        <TextEquiv conf="0.9113941112080136">
          <Unicode>مبارگ بادتہ اسد، شخوار جان دردمند ایا</Unicode>
        </TextEquiv>
      </TextLine>

      
    </TextRegion>
    
    <TextRegion id="eSc_textblock_419c07a3"  custom="structure {type:RunningTitleZone;}">
      <Coords points="1130,2855 1130,2872 735,2922 842,2905 885,2845"/>
      
    </TextRegion>
    
    <TextRegion id="eSc_textblock_c303bf24"  custom="structure {type:CustomZone:publication;}">
      <Coords points="1040,2795 1040,2802 995,2812 947,2795"/>
      
    </TextRegion>
    
    <TextRegion id="eSc_textblock_ca4060ac"  custom="structure {type:CustomZone:publication;}">
      <Coords points="1130,2835 1180,2872 1030,2912 805,2882 845,2872 825,2845 947,2835"/>
      
    </TextRegion>
    
    <TextRegion id="eSc_textblock_1456650f"  custom="structure {type:QuireMarksZone:catchwords;}">
      <Coords points="872,2855 872,2862 855,2862 855,2855"/>
      
    </TextRegion>
    
    <TextRegion id="eSc_textblock_8fa164bf"  custom="structure {type:GraphicZone:illustration;}">
      <Coords points="422,405 422,412 405,412 410,405"/>
      
    </TextRegion>
    
    <TextRegion id="eSc_textblock_6b459883"  custom="structure {type:MarginTextZone:note;}">
      <Coords points="832,2835 832,2852 805,2852 795,2835"/>
      
    </TextRegion>
    
    <TextRegion id="eSc_textblock_30639b03"  custom="structure {type:TitlePageZone;}">
      <Coords points="1540,405 1540,412 1512,412 1512,405"/>
      
    </TextRegion>
    

    
    <TextRegion id="eSc_dummyblock_">
    
    
      <TextLine id="eSc_line_8963cf3a" custom="structure {type:DefaultLine;}">
        <Coords points="957,240 957,267 1035,270 1037,240 1037,205 995,192 992,192 990,192 987,192 957,205 957,240"/>
        <Baseline points="957,240 1037,240"/>
        <TextEquiv conf="0.9999676942825317">
          <Unicode>*</Unicode>
        </TextEquiv>
      </TextLine>

    
    
      <TextLine id="eSc_line_8c7c0ccc" custom="structure {type:DefaultLine;}">
        <Coords points="765,2837 1182,2837 1255,2820 1255,2812 1252,2795 765,2802 765,2830 765,2837"/>
        <Baseline points="767,2830 1257,2814"/>
        <TextEquiv conf="0.8132734762934538">
          <Unicode>اس ام ماباساااتاتیا لسا؟۔اابتے لسا کہاا تان&quot;کا اٹہان</Unicode>
        </TextEquiv>
      </TextLine>

    
    </TextRegion>
    
  </Page>
</PcGts>
