<mets xmlns="http://www.loc.gov/METS/" xmlns:xlink="http://www.w3.org/1999/xlink">
  <fileSec>
    
    <fileGrp USE="export">
      
        <file ID="export1">
          <FLocat xlink:href="969-416-203-024.pdf_page_2.xml"/>
        </file>
      
        <file ID="export2">
          <FLocat xlink:href="969-416-203-024.pdf_page_3.xml"/>
        </file>
      
        <file ID="export3">
          <FLocat xlink:href="969-416-203-024.pdf_page_4.xml"/>
        </file>
      
        <file ID="export4">
          <FLocat xlink:href="969-416-203-024.pdf_page_5.xml"/>
        </file>
      
        <file ID="export5">
          <FLocat xlink:href="969-416-203-024.pdf_page_6.xml"/>
        </file>
      
        <file ID="export6">
          <FLocat xlink:href="969-416-203-024.pdf_page_12.xml"/>
        </file>
      
        <file ID="export7">
          <FLocat xlink:href="969-416-203-024.pdf_page_13.xml"/>
        </file>
      
        <file ID="export8">
          <FLocat xlink:href="969-416-203-024.pdf_page_14.xml"/>
        </file>
      
        <file ID="export9">
          <FLocat xlink:href="969-416-203-024.pdf_page_15.xml"/>
        </file>
      
        <file ID="export10">
          <FLocat xlink:href="969-416-203-024.pdf_page_16.xml"/>
        </file>
      
        <file ID="export11">
          <FLocat xlink:href="969-416-203-024.pdf_page_97.xml"/>
        </file>
      
        <file ID="export12">
          <FLocat xlink:href="969-416-208-017.pdf_page_6.xml"/>
        </file>
      
        <file ID="export13">
          <FLocat xlink:href="969-416-208-017.pdf_page_10.xml"/>
        </file>
      
        <file ID="export14">
          <FLocat xlink:href="119953043-Safarnama-e-Rum-o-Misr-o-Shaam-Shibli-Nomani.pdf_page_23.xml"/>
        </file>
      
        <file ID="export15">
          <FLocat xlink:href="119953043-Safarnama-e-Rum-o-Misr-o-Shaam-Shibli-Nomani.pdf_page_49.xml"/>
        </file>
      
        <file ID="export16">
          <FLocat xlink:href="apninagariya.pdf_page_227.xml"/>
        </file>
      
        <file ID="export17">
          <FLocat xlink:href="apninagariya.pdf_page_234.xml"/>
        </file>
      
        <file ID="export18">
          <FLocat xlink:href="Diwan-Ghalib_selection.pdf_page_6.xml"/>
        </file>
      
        <file ID="export19">
          <FLocat xlink:href="GanjayFarishtaybySadatHassanMinto.pdf_page_69.xml"/>
        </file>
      
        <file ID="export20">
          <FLocat xlink:href="GanjayFarishtaybySadatHassanMinto.pdf_page_116.xml"/>
        </file>
      
        <file ID="export21">
          <FLocat xlink:href="GanjayFarishtaybySadatHassanMinto.pdf_page_203.xml"/>
        </file>
      
        <file ID="export22">
          <FLocat xlink:href="Ji-Han-pite-hain_Shaukat-Thanvi.pdf_page_5.xml"/>
        </file>
      
        <file ID="export23">
          <FLocat xlink:href="Ji-Han-pite-hain_Shaukat-Thanvi.pdf_page_73.xml"/>
        </file>
      
        <file ID="export24">
          <FLocat xlink:href="Ji-Han-pite-hain_Shaukat-Thanvi.pdf_page_97.xml"/>
        </file>
      
        <file ID="export25">
          <FLocat xlink:href="MantoKayMazameenbySadatHasanMantto.pdf_page_35.xml"/>
        </file>
      
        <file ID="export26">
          <FLocat xlink:href="Mirat_Ul_Uroos_By_Deputy_Nazeer_Ahmad.pdf_page_41.xml"/>
        </file>
      
        <file ID="export27">
          <FLocat xlink:href="Tauba_Tun_Nasooh_By_Deputy_Nazeer_Ahmed_Urduinpage.com.pdf_page_9.xml"/>
        </file>
      
        <file ID="export28">
          <FLocat xlink:href="Tauba_Tun_Nasooh_By_Deputy_Nazeer_Ahmed_Urduinpage.com.pdf_page_18.xml"/>
        </file>
      
        <file ID="export29">
          <FLocat xlink:href="Tauba_Tun_Nasooh_By_Deputy_Nazeer_Ahmed_Urduinpage.com.pdf_page_35.xml"/>
        </file>
      
        <file ID="export30">
          <FLocat xlink:href="yazeed.pdf_page_20.xml"/>
        </file>
      
        <file ID="export31">
          <FLocat xlink:href="yazeed.pdf_page_36.xml"/>
        </file>
      
        <file ID="export32">
          <FLocat xlink:href="yazeed.pdf_page_50.xml"/>
        </file>
      
        <file ID="export33">
          <FLocat xlink:href="شکاری_عورتیں_سعادت_حسن_منٹو.pdf_page_25.xml"/>
        </file>
      
        <file ID="export34">
          <FLocat xlink:href="شکاری_عورتیں_سعادت_حسن_منٹو.pdf_page_27.xml"/>
        </file>
      
        <file ID="export35">
          <FLocat xlink:href="شکاری_عورتیں_سعادت_حسن_منٹو.pdf_page_49.xml"/>
        </file>
      
        <file ID="export36">
          <FLocat xlink:href="شکاری_عورتیں_سعادت_حسن_منٹو.pdf_page_52.xml"/>
        </file>
      
    </fileGrp>
  </fileSec>
  <structMap TYPE="physical">
    <div TYPE="document">
      
      <div TYPE="page">
        
        <fptr FILEID="export1"/>
      </div>
      
      <div TYPE="page">
        
        <fptr FILEID="export2"/>
      </div>
      
      <div TYPE="page">
        
        <fptr FILEID="export3"/>
      </div>
      
      <div TYPE="page">
        
        <fptr FILEID="export4"/>
      </div>
      
      <div TYPE="page">
        
        <fptr FILEID="export5"/>
      </div>
      
      <div TYPE="page">
        
        <fptr FILEID="export6"/>
      </div>
      
      <div TYPE="page">
        
        <fptr FILEID="export7"/>
      </div>
      
      <div TYPE="page">
        
        <fptr FILEID="export8"/>
      </div>
      
      <div TYPE="page">
        
        <fptr FILEID="export9"/>
      </div>
      
      <div TYPE="page">
        
        <fptr FILEID="export10"/>
      </div>
      
      <div TYPE="page">
        
        <fptr FILEID="export11"/>
      </div>
      
      <div TYPE="page">
        
        <fptr FILEID="export12"/>
      </div>
      
      <div TYPE="page">
        
        <fptr FILEID="export13"/>
      </div>
      
      <div TYPE="page">
        
        <fptr FILEID="export14"/>
      </div>
      
      <div TYPE="page">
        
        <fptr FILEID="export15"/>
      </div>
      
      <div TYPE="page">
        
        <fptr FILEID="export16"/>
      </div>
      
      <div TYPE="page">
        
        <fptr FILEID="export17"/>
      </div>
      
      <div TYPE="page">
        
        <fptr FILEID="export18"/>
      </div>
      
      <div TYPE="page">
        
        <fptr FILEID="export19"/>
      </div>
      
      <div TYPE="page">
        
        <fptr FILEID="export20"/>
      </div>
      
      <div TYPE="page">
        
        <fptr FILEID="export21"/>
      </div>
      
      <div TYPE="page">
        
        <fptr FILEID="export22"/>
      </div>
      
      <div TYPE="page">
        
        <fptr FILEID="export23"/>
      </div>
      
      <div TYPE="page">
        
        <fptr FILEID="export24"/>
      </div>
      
      <div TYPE="page">
        
        <fptr FILEID="export25"/>
      </div>
      
      <div TYPE="page">
        
        <fptr FILEID="export26"/>
      </div>
      
      <div TYPE="page">
        
        <fptr FILEID="export27"/>
      </div>
      
      <div TYPE="page">
        
        <fptr FILEID="export28"/>
      </div>
      
      <div TYPE="page">
        
        <fptr FILEID="export29"/>
      </div>
      
      <div TYPE="page">
        
        <fptr FILEID="export30"/>
      </div>
      
      <div TYPE="page">
        
        <fptr FILEID="export31"/>
      </div>
      
      <div TYPE="page">
        
        <fptr FILEID="export32"/>
      </div>
      
      <div TYPE="page">
        
        <fptr FILEID="export33"/>
      </div>
      
      <div TYPE="page">
        
        <fptr FILEID="export34"/>
      </div>
      
      <div TYPE="page">
        
        <fptr FILEID="export35"/>
      </div>
      
      <div TYPE="page">
        
        <fptr FILEID="export36"/>
      </div>
      
    </div>
  </structMap>
</mets>
