<?xml version="1.0" encoding="UTF-8"  standalone="yes"?>
<PcGts xmlns="http://schema.primaresearch.org/PAGE/gts/pagecontent/2019-07-15" xmlns:xsi="http://www.w3.org/2001/XMLSchema-instance" xsi:schemaLocation="http://schema.primaresearch.org/PAGE/gts/pagecontent/2019-07-15 http://schema.primaresearch.org/PAGE/gts/pagecontent/2019-07-15/pagecontent.xsd">
  <Metadata externalRef="mets//DH25FAS_evaluationB.zip/Tauba_Tun_Nasooh_By_Deputy_Nazeer_Ahmed_Urduinpage.com.pdf_page_9.png">
	<Creator>escriptorium</Creator>
	<Created>2025-02-28T09:27:28.156828+00:00</Created>
        <LastChange>2025-02-28T09:27:28.156849+00:00</LastChange>

  </Metadata>
  <Page imageFilename="Tauba_Tun_Nasooh_By_Deputy_Nazeer_Ahmed_Urduinpage.com.pdf_page_9.png" imageWidth="2100" imageHeight="3000">

    

    
  </Page>
</PcGts>
