<?xml version="1.0" encoding="UTF-8"  standalone="yes"?>
<PcGts xmlns="http://schema.primaresearch.org/PAGE/gts/pagecontent/2019-07-15" xmlns:xsi="http://www.w3.org/2001/XMLSchema-instance" xsi:schemaLocation="http://schema.primaresearch.org/PAGE/gts/pagecontent/2019-07-15 http://schema.primaresearch.org/PAGE/gts/pagecontent/2019-07-15/pagecontent.xsd">
  <Metadata externalRef="mets//DH25FAS_evaluationB.zip/شکاری_عورتیں_سعادت_حسن_منٹو.pdf_page_27.png">
	<Creator>escriptorium</Creator>
	<Created>2025-02-28T09:27:28.532394+00:00</Created>
        <LastChange>2025-02-28T09:27:28.532411+00:00</LastChange>

  </Metadata>
  <Page imageFilename="شکاری_عورتیں_سعادت_حسن_منٹو.pdf_page_27.png" imageWidth="508" imageHeight="721">

    

    
  </Page>
</PcGts>
